2021-10-17 17:30:00,0.0
2021-10-17 17:45:00,1551.6468305284118
2021-10-17 18:00:00,4841.838634876665
2021-10-17 18:15:00,1895.8150468657827
2021-10-17 18:30:00,
2021-10-17 18:45:00,
2021-10-17 19:00:00,
2021-10-17 19:15:00,
2021-10-17 19:30:00,
2021-10-17 19:45:00,
2021-10-17 20:00:00,
2021-10-17 20:15:00,
2021-10-17 20:30:00,
2021-10-17 20:45:00,
2021-10-17 21:00:00,
2021-10-17 21:15:00,
2021-10-17 21:30:00,
2021-10-17 21:45:00,
2021-10-17 22:00:00,
2021-10-17 22:15:00,
2021-10-17 22:30:00,
2021-10-17 22:45:00,
2021-10-17 23:00:00,
2021-10-17 23:15:00,
2021-10-17 23:30:00,
2021-10-17 23:45:00,
2021-10-18 00:00:00,
2021-10-18 00:15:00,
2021-10-18 00:30:00,
2021-10-18 00:45:00,
2021-10-18 01:00:00,
2021-10-18 01:15:00,
2021-10-18 01:30:00,
2021-10-18 01:45:00,
2021-10-18 02:00:00,
2021-10-18 02:15:00,
2021-10-18 02:30:00,
2021-10-18 02:45:00,
2021-10-18 03:00:00,
2021-10-18 03:15:00,
2021-10-18 03:30:00,
2021-10-18 03:45:00,
2021-10-18 04:00:00,
2021-10-18 04:15:00,
2021-10-18 04:30:00,
2021-10-18 04:45:00,
2021-10-18 05:00:00,
2021-10-18 05:15:00,
2021-10-18 05:30:00,
2021-10-18 05:45:00,
2021-10-18 06:00:00,
2021-10-18 06:15:00,
2021-10-18 06:30:00,
2021-10-18 06:45:00,
2021-10-18 07:00:00,
2021-10-18 07:15:00,
2021-10-18 07:30:00,
2021-10-18 07:45:00,
2021-10-18 08:00:00,
2021-10-18 08:15:00,
2021-10-18 08:30:00,
2021-10-18 08:45:00,
2021-10-18 09:00:00,
2021-10-18 09:15:00,
2021-10-18 09:30:00,
2021-10-18 09:45:00,
2021-10-18 10:00:00,
2021-10-18 10:15:00,
2021-10-18 10:30:00,
2021-10-18 10:45:00,
2021-10-18 11:00:00,
2021-10-18 11:15:00,
2021-10-18 11:30:00,
2021-10-18 11:45:00,
2021-10-18 12:00:00,
2021-10-18 12:15:00,
2021-10-18 12:30:00,
2021-10-18 12:45:00,
2021-10-18 13:00:00,
2021-10-18 13:15:00,
2021-10-18 13:30:00,
2021-10-18 13:45:00,
2021-10-18 14:00:00,
2021-10-18 14:15:00,
2021-10-18 14:30:00,
2021-10-18 14:45:00,
2021-10-18 15:00:00,
2021-10-18 15:15:00,
2021-10-18 15:30:00,
2021-10-18 15:45:00,
2021-10-18 16:00:00,
2021-10-18 16:15:00,
2021-10-18 16:30:00,
2021-10-18 16:45:00,0.0
2021-10-18 17:00:00,4.768283728555557
2021-10-18 17:15:00,417.90848957688854
2021-10-18 17:30:00,716.1272550581092
2021-10-18 17:45:00,1446.455174355554
2021-10-18 18:00:00,853.8690002806678
2021-10-18 18:15:00,579.169173264111
2021-10-18 18:30:00,264.0796780392335
2021-10-18 18:45:00,99.87189582854434
2021-10-18 19:00:00,376.70827848966576
2021-10-18 19:15:00,333.7755706845748
2021-10-18 19:30:00,
2021-10-18 19:45:00,
2021-10-18 20:00:00,
2021-10-18 20:15:00,
2021-10-18 20:30:00,
2021-10-18 20:45:00,
2021-10-18 21:00:00,
2021-10-18 21:15:00,
2021-10-18 21:30:00,
2021-10-18 21:45:00,
2021-10-18 22:00:00,
2021-10-18 22:15:00,
2021-10-18 22:30:00,
2021-10-18 22:45:00,
2021-10-18 23:00:00,
2021-10-18 23:15:00,
2021-10-18 23:30:00,
2021-10-18 23:45:00,
2021-10-19 00:00:00,
2021-10-19 00:15:00,
2021-10-19 00:30:00,
2021-10-19 00:45:00,
2021-10-19 01:00:00,
2021-10-19 01:15:00,
2021-10-19 01:30:00,
2021-10-19 01:45:00,
2021-10-19 02:00:00,
2021-10-19 02:15:00,
2021-10-19 02:30:00,
2021-10-19 02:45:00,
2021-10-19 03:00:00,
2021-10-19 03:15:00,
2021-10-19 03:30:00,
2021-10-19 03:45:00,
2021-10-19 04:00:00,
2021-10-19 04:15:00,
2021-10-19 04:30:00,
2021-10-19 04:45:00,
2021-10-19 05:00:00,
2021-10-19 05:15:00,
2021-10-19 05:30:00,
2021-10-19 05:45:00,
2021-10-19 06:00:00,
2021-10-19 06:15:00,
2021-10-19 06:30:00,
2021-10-19 06:45:00,
2021-10-19 07:00:00,
2021-10-19 07:15:00,
2021-10-19 07:30:00,
2021-10-19 07:45:00,
2021-10-19 08:00:00,
2021-10-19 08:15:00,
2021-10-19 08:30:00,
2021-10-19 08:45:00,
2021-10-19 09:00:00,
2021-10-19 09:15:00,
2021-10-19 09:30:00,
2021-10-19 09:45:00,
2021-10-19 10:00:00,
2021-10-19 10:15:00,
2021-10-19 10:30:00,
2021-10-19 10:45:00,
2021-10-19 11:00:00,
2021-10-19 11:15:00,
2021-10-19 11:30:00,
2021-10-19 11:45:00,
2021-10-19 12:00:00,
2021-10-19 12:15:00,
2021-10-19 12:30:00,
2021-10-19 12:45:00,
2021-10-19 13:00:00,
2021-10-19 13:15:00,
2021-10-19 13:30:00,
2021-10-19 13:45:00,
2021-10-19 14:00:00,
2021-10-19 14:15:00,
2021-10-19 14:30:00,
2021-10-19 14:45:00,
2021-10-19 15:00:00,
2021-10-19 15:15:00,
2021-10-19 15:30:00,
2021-10-19 15:45:00,
2021-10-19 16:00:00,
2021-10-19 16:15:00,
2021-10-19 16:30:00,
2021-10-19 16:45:00,
2021-10-19 17:00:00,
2021-10-19 17:15:00,
2021-10-19 17:30:00,0.0
2021-10-19 17:45:00,4901.751008261776
2021-10-19 18:00:00,6022.445292307776
2021-10-19 18:15:00,6664.864511292217
2021-10-19 18:30:00,1025.625325596111
2021-10-19 18:45:00,155.15440084480318
2021-10-19 19:00:00,164.16579527211132
2021-10-19 19:15:00,135.37697989535542
2021-10-19 19:30:00,105.18369951252221
2021-10-19 19:45:00,250.1335928401118
2021-10-19 20:00:00,276.37460811122247
2021-10-19 20:15:00,274.589186784776
2021-10-19 20:30:00,254.91743123263598
2021-10-19 20:45:00,
2021-10-19 21:00:00,
2021-10-19 21:15:00,
2021-10-19 21:30:00,
2021-10-19 21:45:00,
2021-10-19 22:00:00,
2021-10-19 22:15:00,
2021-10-19 22:30:00,
2021-10-19 22:45:00,
2021-10-19 23:00:00,
2021-10-19 23:15:00,
2021-10-19 23:30:00,
2021-10-19 23:45:00,
2021-10-20 00:00:00,
2021-10-20 00:15:00,
2021-10-20 00:30:00,
2021-10-20 00:45:00,
2021-10-20 01:00:00,
2021-10-20 01:15:00,
2021-10-20 01:30:00,
2021-10-20 01:45:00,
2021-10-20 02:00:00,
2021-10-20 02:15:00,
2021-10-20 02:30:00,
2021-10-20 02:45:00,
2021-10-20 03:00:00,
2021-10-20 03:15:00,
2021-10-20 03:30:00,
2021-10-20 03:45:00,
2021-10-20 04:00:00,
2021-10-20 04:15:00,
2021-10-20 04:30:00,
2021-10-20 04:45:00,
2021-10-20 05:00:00,
2021-10-20 05:15:00,
2021-10-20 05:30:00,
2021-10-20 05:45:00,
2021-10-20 06:00:00,
2021-10-20 06:15:00,
2021-10-20 06:30:00,
2021-10-20 06:45:00,
2021-10-20 07:00:00,
2021-10-20 07:15:00,
2021-10-20 07:30:00,
2021-10-20 07:45:00,
2021-10-20 08:00:00,
2021-10-20 08:15:00,
2021-10-20 08:30:00,
2021-10-20 08:45:00,
2021-10-20 09:00:00,
2021-10-20 09:15:00,
2021-10-20 09:30:00,
2021-10-20 09:45:00,
2021-10-20 10:00:00,
2021-10-20 10:15:00,
2021-10-20 10:30:00,
2021-10-20 10:45:00,
2021-10-20 11:00:00,
2021-10-20 11:15:00,
2021-10-20 11:30:00,
2021-10-20 11:45:00,
2021-10-20 12:00:00,
2021-10-20 12:15:00,
2021-10-20 12:30:00,
2021-10-20 12:45:00,
2021-10-20 13:00:00,
2021-10-20 13:15:00,
2021-10-20 13:30:00,
2021-10-20 13:45:00,
2021-10-20 14:00:00,
2021-10-20 14:15:00,
2021-10-20 14:30:00,
2021-10-20 14:45:00,
2021-10-20 15:00:00,
2021-10-20 15:15:00,
2021-10-20 15:30:00,
2021-10-20 15:45:00,
2021-10-20 16:00:00,
2021-10-20 16:15:00,
2021-10-20 16:30:00,
2021-10-20 16:45:00,
2021-10-20 17:00:00,
2021-10-20 17:15:00,
2021-10-20 17:30:00,14.286683076445653
2021-10-20 17:45:00,15.590062319627801
2021-10-20 18:00:00,12.105673291500006
2021-10-20 18:15:00,20.07900595004445
2021-10-20 18:30:00,15.256984941444449
2021-10-20 18:45:00,29.575505297044486
2021-10-20 19:00:00,32.11190153060001
2021-10-20 19:15:00,31.50012920394448
2021-10-20 19:30:00,13.237373461517796
2021-10-20 19:45:00,2.3172424312666666
2021-10-20 20:00:00,17.565861254493335
2021-10-20 20:15:00,50.68805564887783
2021-10-20 20:30:00,132.89322070364443
2021-10-20 20:45:00,146.83794569071213
2021-10-20 21:00:00,
2021-10-20 21:15:00,
2021-10-20 21:30:00,
2021-10-20 21:45:00,
2021-10-20 22:00:00,
2021-10-20 22:15:00,
2021-10-20 22:30:00,
2021-10-20 22:45:00,
2021-10-20 23:00:00,
2021-10-20 23:15:00,
2021-10-20 23:30:00,
2021-10-20 23:45:00,
2021-10-21 00:00:00,
2021-10-21 00:15:00,
2021-10-21 00:30:00,
2021-10-21 00:45:00,
2021-10-21 01:00:00,
2021-10-21 01:15:00,
2021-10-21 01:30:00,
2021-10-21 01:45:00,
2021-10-21 02:00:00,
2021-10-21 02:15:00,
2021-10-21 02:30:00,
2021-10-21 02:45:00,
2021-10-21 03:00:00,
2021-10-21 03:15:00,
2021-10-21 03:30:00,
2021-10-21 03:45:00,
2021-10-21 04:00:00,
2021-10-21 04:15:00,
2021-10-21 04:30:00,
2021-10-21 04:45:00,
2021-10-21 05:00:00,
2021-10-21 05:15:00,
2021-10-21 05:30:00,
2021-10-21 05:45:00,
2021-10-21 06:00:00,
2021-10-21 06:15:00,
2021-10-21 06:30:00,
2021-10-21 06:45:00,
2021-10-21 07:00:00,
2021-10-21 07:15:00,
2021-10-21 07:30:00,
2021-10-21 07:45:00,
2021-10-21 08:00:00,
2021-10-21 08:15:00,
2021-10-21 08:30:00,
2021-10-21 08:45:00,
2021-10-21 09:00:00,
2021-10-21 09:15:00,
2021-10-21 09:30:00,
2021-10-21 09:45:00,
2021-10-21 10:00:00,
2021-10-21 10:15:00,
2021-10-21 10:30:00,
2021-10-21 10:45:00,
2021-10-21 11:00:00,
2021-10-21 11:15:00,
2021-10-21 11:30:00,
2021-10-21 11:45:00,
2021-10-21 12:00:00,
2021-10-21 12:15:00,
2021-10-21 12:30:00,
2021-10-21 12:45:00,
2021-10-21 13:00:00,
2021-10-21 13:15:00,
2021-10-21 13:30:00,
2021-10-21 13:45:00,
2021-10-21 14:00:00,
2021-10-21 14:15:00,
2021-10-21 14:30:00,
2021-10-21 14:45:00,
2021-10-21 15:00:00,
2021-10-21 15:15:00,
2021-10-21 15:30:00,
2021-10-21 15:45:00,
2021-10-21 16:00:00,
2021-10-21 16:15:00,
2021-10-21 16:30:00,
2021-10-21 16:45:00,
2021-10-21 17:00:00,
2021-10-21 17:15:00,
2021-10-21 17:30:00,1046.5936979999983
2021-10-21 17:45:00,2385.2277900848585
2021-10-21 18:00:00,4178.885718000024
2021-10-21 18:15:00,3602.1037233441975
2021-10-21 18:30:00,535.9569126374747
2021-10-21 18:45:00,721.4097713537783
2021-10-21 19:00:00,918.0245016144446
2021-10-21 19:15:00,814.2533741561118
2021-10-21 19:30:00,480.09054370575114
2021-10-21 19:45:00,9.853409522215497
2021-10-21 20:00:00,11.9767974145245
2021-10-21 20:15:00,19.209431633893466
2021-10-21 20:30:00,28.8722462877116
2021-10-21 20:45:00,4.8254632218866575
2021-10-21 21:00:00,0.005042653417207792
2021-10-21 21:15:00,
2021-10-21 21:30:00,
2021-10-21 21:45:00,
2021-10-21 22:00:00,
2021-10-21 22:15:00,
2021-10-21 22:30:00,
2021-10-21 22:45:00,
2021-10-21 23:00:00,
2021-10-21 23:15:00,
2021-10-21 23:30:00,
2021-10-21 23:45:00,
2021-10-22 00:00:00,
2021-10-22 00:15:00,
2021-10-22 00:30:00,
2021-10-22 00:45:00,
2021-10-22 01:00:00,
2021-10-22 01:15:00,
2021-10-22 01:30:00,
2021-10-22 01:45:00,
2021-10-22 02:00:00,
2021-10-22 02:15:00,
2021-10-22 02:30:00,
2021-10-22 02:45:00,
2021-10-22 03:00:00,
2021-10-22 03:15:00,
2021-10-22 03:30:00,
2021-10-22 03:45:00,
2021-10-22 04:00:00,
2021-10-22 04:15:00,
2021-10-22 04:30:00,
2021-10-22 04:45:00,
2021-10-22 05:00:00,
2021-10-22 05:15:00,
2021-10-22 05:30:00,
2021-10-22 05:45:00,
2021-10-22 06:00:00,
2021-10-22 06:15:00,
2021-10-22 06:30:00,
2021-10-22 06:45:00,
2021-10-22 07:00:00,
2021-10-22 07:15:00,
2021-10-22 07:30:00,
2021-10-22 07:45:00,
2021-10-22 08:00:00,
2021-10-22 08:15:00,
2021-10-22 08:30:00,
2021-10-22 08:45:00,
2021-10-22 09:00:00,
2021-10-22 09:15:00,
2021-10-22 09:30:00,
2021-10-22 09:45:00,
2021-10-22 10:00:00,
2021-10-22 10:15:00,
2021-10-22 10:30:00,
2021-10-22 10:45:00,
2021-10-22 11:00:00,
2021-10-22 11:15:00,
2021-10-22 11:30:00,
2021-10-22 11:45:00,
2021-10-22 12:00:00,
2021-10-22 12:15:00,
2021-10-22 12:30:00,
2021-10-22 12:45:00,
2021-10-22 13:00:00,
2021-10-22 13:15:00,
2021-10-22 13:30:00,
2021-10-22 13:45:00,
2021-10-22 14:00:00,
2021-10-22 14:15:00,
2021-10-22 14:30:00,
2021-10-22 14:45:00,
2021-10-22 15:00:00,
2021-10-22 15:15:00,
2021-10-22 15:30:00,
2021-10-22 15:45:00,
2021-10-22 16:00:00,
2021-10-22 16:15:00,
2021-10-22 16:30:00,-2.2679604893527983
2021-10-22 16:45:00,-2.2593185364944453
2021-10-22 17:00:00,-2.248316514093331
2021-10-22 17:15:00,-2.2583520749133346
2021-10-22 17:30:00,255.8560312215378
2021-10-22 17:45:00,915.4881173858887
2021-10-22 18:00:00,1166.3040353201109
2021-10-22 18:15:00,1683.2934152244436
2021-10-22 18:30:00,1515.98288141556
2021-10-22 18:45:00,533.3880597117776
2021-10-22 19:00:00,1118.393131157556
2021-10-22 19:15:00,909.5918193847784
2021-10-22 19:30:00,674.7234081072223
2021-10-22 19:45:00,819.2603710914454
2021-10-22 20:00:00,391.29676590211096
2021-10-22 20:15:00,378.6720945730002
2021-10-22 20:30:00,522.0420712166671
2021-10-22 20:45:00,455.7561313947772
2021-10-22 21:00:00,39.44579435006349
2021-10-22 21:15:00,
2021-10-22 21:30:00,
2021-10-22 21:45:00,
2021-10-22 22:00:00,
2021-10-22 22:15:00,
2021-10-22 22:30:00,
2021-10-22 22:45:00,
2021-10-22 23:00:00,
2021-10-22 23:15:00,
2021-10-22 23:30:00,
2021-10-22 23:45:00,
2021-10-23 00:00:00,
2021-10-23 00:15:00,
2021-10-23 00:30:00,
2021-10-23 00:45:00,
2021-10-23 01:00:00,
2021-10-23 01:15:00,
2021-10-23 01:30:00,
2021-10-23 01:45:00,
2021-10-23 02:00:00,
2021-10-23 02:15:00,
2021-10-23 02:30:00,
2021-10-23 02:45:00,
2021-10-23 03:00:00,
2021-10-23 03:15:00,
2021-10-23 03:30:00,
2021-10-23 03:45:00,
2021-10-23 04:00:00,
2021-10-23 04:15:00,
2021-10-23 04:30:00,
2021-10-23 04:45:00,
2021-10-23 05:00:00,
2021-10-23 05:15:00,
2021-10-23 05:30:00,
2021-10-23 05:45:00,
2021-10-23 06:00:00,
2021-10-23 06:15:00,
2021-10-23 06:30:00,
2021-10-23 06:45:00,
2021-10-23 07:00:00,
2021-10-23 07:15:00,
2021-10-23 07:30:00,
2021-10-23 07:45:00,
2021-10-23 08:00:00,
2021-10-23 08:15:00,
2021-10-23 08:30:00,
2021-10-23 08:45:00,
2021-10-23 09:00:00,
2021-10-23 09:15:00,
2021-10-23 09:30:00,
2021-10-23 09:45:00,
2021-10-23 10:00:00,
2021-10-23 10:15:00,
2021-10-23 10:30:00,
2021-10-23 10:45:00,
2021-10-23 11:00:00,
2021-10-23 11:15:00,
2021-10-23 11:30:00,
2021-10-23 11:45:00,
2021-10-23 12:00:00,
2021-10-23 12:15:00,
2021-10-23 12:30:00,
2021-10-23 12:45:00,
2021-10-23 13:00:00,
2021-10-23 13:15:00,
2021-10-23 13:30:00,
2021-10-23 13:45:00,
2021-10-23 14:00:00,
2021-10-23 14:15:00,
2021-10-23 14:30:00,
2021-10-23 14:45:00,
2021-10-23 15:00:00,
2021-10-23 15:15:00,
2021-10-23 15:30:00,
2021-10-23 15:45:00,
2021-10-23 16:00:00,
2021-10-23 16:15:00,
2021-10-23 16:30:00,
2021-10-23 16:45:00,
2021-10-23 17:00:00,
2021-10-23 17:15:00,
2021-10-23 17:30:00,
2021-10-23 17:45:00,
2021-10-23 18:00:00,-7.560416407480303
2021-10-23 18:15:00,1497.3932832846956
2021-10-23 18:30:00,4012.8783137666633
2021-10-23 18:45:00,515.8955355134369
2021-10-23 19:00:00,
2021-10-23 19:15:00,
2021-10-23 19:30:00,
2021-10-23 19:45:00,
2021-10-23 20:00:00,
2021-10-23 20:15:00,
2021-10-23 20:30:00,
2021-10-23 20:45:00,
2021-10-23 21:00:00,
2021-10-23 21:15:00,
2021-10-23 21:30:00,
2021-10-23 21:45:00,
2021-10-23 22:00:00,
2021-10-23 22:15:00,
2021-10-23 22:30:00,
2021-10-23 22:45:00,
2021-10-23 23:00:00,
2021-10-23 23:15:00,
2021-10-23 23:30:00,
2021-10-23 23:45:00,
2021-10-24 00:00:00,
2021-10-24 00:15:00,
2021-10-24 00:30:00,
2021-10-24 00:45:00,
2021-10-24 01:00:00,
2021-10-24 01:15:00,
2021-10-24 01:30:00,
2021-10-24 01:45:00,
2021-10-24 02:00:00,
2021-10-24 02:15:00,
2021-10-24 02:30:00,
2021-10-24 02:45:00,
2021-10-24 03:00:00,
2021-10-24 03:15:00,
2021-10-24 03:30:00,
2021-10-24 03:45:00,
2021-10-24 04:00:00,
2021-10-24 04:15:00,
2021-10-24 04:30:00,
2021-10-24 04:45:00,
2021-10-24 05:00:00,
2021-10-24 05:15:00,
2021-10-24 05:30:00,
2021-10-24 05:45:00,
2021-10-24 06:00:00,
2021-10-24 06:15:00,
2021-10-24 06:30:00,
2021-10-24 06:45:00,
2021-10-24 07:00:00,
2021-10-24 07:15:00,
2021-10-24 07:30:00,
2021-10-24 07:45:00,
2021-10-24 08:00:00,
2021-10-24 08:15:00,
2021-10-24 08:30:00,
2021-10-24 08:45:00,
2021-10-24 09:00:00,
2021-10-24 09:15:00,
2021-10-24 09:30:00,
2021-10-24 09:45:00,
2021-10-24 10:00:00,
2021-10-24 10:15:00,
2021-10-24 10:30:00,
2021-10-24 10:45:00,
2021-10-24 11:00:00,
2021-10-24 11:15:00,
2021-10-24 11:30:00,
2021-10-24 11:45:00,
2021-10-24 12:00:00,
2021-10-24 12:15:00,
2021-10-24 12:30:00,
2021-10-24 12:45:00,
2021-10-24 13:00:00,
2021-10-24 13:15:00,
2021-10-24 13:30:00,
2021-10-24 13:45:00,
2021-10-24 14:00:00,
2021-10-24 14:15:00,
2021-10-24 14:30:00,
2021-10-24 14:45:00,
2021-10-24 15:00:00,
2021-10-24 15:15:00,
2021-10-24 15:30:00,
2021-10-24 15:45:00,
2021-10-24 16:00:00,
2021-10-24 16:15:00,
2021-10-24 16:30:00,
2021-10-24 16:45:00,
2021-10-24 17:00:00,25.895474977825575
2021-10-24 17:15:00,3134.921162631122
2021-10-24 17:30:00,2872.984415689906
2021-10-24 17:45:00,0.0
2021-10-24 18:00:00,1452.5002537157563
2021-10-24 18:15:00,3996.4782624566665
2021-10-24 18:30:00,82.27936009388291
2021-10-24 18:45:00,
2021-10-24 19:00:00,
2021-10-24 19:15:00,
2021-10-24 19:30:00,
2021-10-24 19:45:00,
2021-10-24 20:00:00,
2021-10-24 20:15:00,
2021-10-24 20:30:00,
2021-10-24 20:45:00,
2021-10-24 21:00:00,
2021-10-24 21:15:00,
2021-10-24 21:30:00,
2021-10-24 21:45:00,
2021-10-24 22:00:00,
2021-10-24 22:15:00,
2021-10-24 22:30:00,
2021-10-24 22:45:00,
2021-10-24 23:00:00,
2021-10-24 23:15:00,
2021-10-24 23:30:00,
2021-10-24 23:45:00,
2021-10-25 00:00:00,
2021-10-25 00:15:00,
2021-10-25 00:30:00,
2021-10-25 00:45:00,
2021-10-25 01:00:00,
2021-10-25 01:15:00,
2021-10-25 01:30:00,
2021-10-25 01:45:00,
2021-10-25 02:00:00,
2021-10-25 02:15:00,
2021-10-25 02:30:00,
2021-10-25 02:45:00,
2021-10-25 03:00:00,
2021-10-25 03:15:00,
2021-10-25 03:30:00,
2021-10-25 03:45:00,
2021-10-25 04:00:00,
2021-10-25 04:15:00,
2021-10-25 04:30:00,
2021-10-25 04:45:00,
2021-10-25 05:00:00,
2021-10-25 05:15:00,
2021-10-25 05:30:00,
2021-10-25 05:45:00,
2021-10-25 06:00:00,
2021-10-25 06:15:00,
2021-10-25 06:30:00,
2021-10-25 06:45:00,
2021-10-25 07:00:00,
2021-10-25 07:15:00,
2021-10-25 07:30:00,
2021-10-25 07:45:00,
2021-10-25 08:00:00,
2021-10-25 08:15:00,
2021-10-25 08:30:00,
2021-10-25 08:45:00,
2021-10-25 09:00:00,
2021-10-25 09:15:00,
2021-10-25 09:30:00,
2021-10-25 09:45:00,
2021-10-25 10:00:00,
2021-10-25 10:15:00,
2021-10-25 10:30:00,
2021-10-25 10:45:00,
2021-10-25 11:00:00,
2021-10-25 11:15:00,
2021-10-25 11:30:00,
2021-10-25 11:45:00,
2021-10-25 12:00:00,
2021-10-25 12:15:00,
2021-10-25 12:30:00,
2021-10-25 12:45:00,
2021-10-25 13:00:00,
2021-10-25 13:15:00,
2021-10-25 13:30:00,
2021-10-25 13:45:00,
2021-10-25 14:00:00,
2021-10-25 14:15:00,
2021-10-25 14:30:00,
2021-10-25 14:45:00,
2021-10-25 15:00:00,
2021-10-25 15:15:00,
2021-10-25 15:30:00,
2021-10-25 15:45:00,
2021-10-25 16:00:00,
2021-10-25 16:15:00,
2021-10-25 16:30:00,
2021-10-25 16:45:00,
2021-10-25 17:00:00,117.89496047238089
2021-10-25 17:15:00,185.97992717148446
2021-10-25 17:30:00,39.28483939336987
2021-10-25 17:45:00,-0.18927287183552635
2021-10-25 18:00:00,
2021-10-25 18:15:00,
2021-10-25 18:30:00,
2021-10-25 18:45:00,
2021-10-25 19:00:00,
2021-10-25 19:15:00,
2021-10-25 19:30:00,
2021-10-25 19:45:00,
2021-10-25 20:00:00,
2021-10-25 20:15:00,
2021-10-25 20:30:00,
2021-10-25 20:45:00,
2021-10-25 21:00:00,
2021-10-25 21:15:00,
2021-10-25 21:30:00,
2021-10-25 21:45:00,
2021-10-25 22:00:00,
2021-10-25 22:15:00,
2021-10-25 22:30:00,
2021-10-25 22:45:00,
2021-10-25 23:00:00,
2021-10-25 23:15:00,
2021-10-25 23:30:00,
2021-10-25 23:45:00,
2021-10-26 00:00:00,
2021-10-26 00:15:00,
2021-10-26 00:30:00,
2021-10-26 00:45:00,
2021-10-26 01:00:00,
2021-10-26 01:15:00,
2021-10-26 01:30:00,
2021-10-26 01:45:00,
2021-10-26 02:00:00,
2021-10-26 02:15:00,
2021-10-26 02:30:00,
2021-10-26 02:45:00,
2021-10-26 03:00:00,
2021-10-26 03:15:00,
2021-10-26 03:30:00,
2021-10-26 03:45:00,
2021-10-26 04:00:00,
2021-10-26 04:15:00,
2021-10-26 04:30:00,
2021-10-26 04:45:00,
2021-10-26 05:00:00,
2021-10-26 05:15:00,
2021-10-26 05:30:00,
2021-10-26 05:45:00,
2021-10-26 06:00:00,
2021-10-26 06:15:00,
2021-10-26 06:30:00,
2021-10-26 06:45:00,
2021-10-26 07:00:00,
2021-10-26 07:15:00,
2021-10-26 07:30:00,
2021-10-26 07:45:00,
2021-10-26 08:00:00,
2021-10-26 08:15:00,
2021-10-26 08:30:00,
2021-10-26 08:45:00,
2021-10-26 09:00:00,
2021-10-26 09:15:00,
2021-10-26 09:30:00,
2021-10-26 09:45:00,
2021-10-26 10:00:00,
2021-10-26 10:15:00,
2021-10-26 10:30:00,
2021-10-26 10:45:00,
2021-10-26 11:00:00,
2021-10-26 11:15:00,
2021-10-26 11:30:00,
2021-10-26 11:45:00,
2021-10-26 12:00:00,
2021-10-26 12:15:00,
2021-10-26 12:30:00,
2021-10-26 12:45:00,
2021-10-26 13:00:00,
2021-10-26 13:15:00,
2021-10-26 13:30:00,
2021-10-26 13:45:00,
2021-10-26 14:00:00,
2021-10-26 14:15:00,
2021-10-26 14:30:00,
2021-10-26 14:45:00,
2021-10-26 15:00:00,
2021-10-26 15:15:00,
2021-10-26 15:30:00,
2021-10-26 15:45:00,
2021-10-26 16:00:00,
2021-10-26 16:15:00,
2021-10-26 16:30:00,
2021-10-26 16:45:00,
2021-10-26 17:00:00,
2021-10-26 17:15:00,
2021-10-26 17:30:00,
2021-10-26 17:45:00,
2021-10-26 18:00:00,
2021-10-26 18:15:00,
2021-10-26 18:30:00,
2021-10-26 18:45:00,
2021-10-26 19:00:00,
2021-10-26 19:15:00,
2021-10-26 19:30:00,
2021-10-26 19:45:00,
2021-10-26 20:00:00,
2021-10-26 20:15:00,
2021-10-26 20:30:00,
2021-10-26 20:45:00,
2021-10-26 21:00:00,
2021-10-26 21:15:00,
2021-10-26 21:30:00,
2021-10-26 21:45:00,
2021-10-26 22:00:00,
2021-10-26 22:15:00,
2021-10-26 22:30:00,
2021-10-26 22:45:00,
2021-10-26 23:00:00,
2021-10-26 23:15:00,
2021-10-26 23:30:00,
2021-10-26 23:45:00,
2021-10-27 00:00:00,
2021-10-27 00:15:00,
2021-10-27 00:30:00,
2021-10-27 00:45:00,
2021-10-27 01:00:00,
2021-10-27 01:15:00,
2021-10-27 01:30:00,
2021-10-27 01:45:00,
2021-10-27 02:00:00,
2021-10-27 02:15:00,
2021-10-27 02:30:00,
2021-10-27 02:45:00,
2021-10-27 03:00:00,
2021-10-27 03:15:00,
2021-10-27 03:30:00,
2021-10-27 03:45:00,
2021-10-27 04:00:00,
2021-10-27 04:15:00,
2021-10-27 04:30:00,
2021-10-27 04:45:00,
2021-10-27 05:00:00,
2021-10-27 05:15:00,
2021-10-27 05:30:00,
2021-10-27 05:45:00,
2021-10-27 06:00:00,
2021-10-27 06:15:00,
2021-10-27 06:30:00,
2021-10-27 06:45:00,
2021-10-27 07:00:00,
2021-10-27 07:15:00,
2021-10-27 07:30:00,
2021-10-27 07:45:00,
2021-10-27 08:00:00,
2021-10-27 08:15:00,
2021-10-27 08:30:00,
2021-10-27 08:45:00,
2021-10-27 09:00:00,
2021-10-27 09:15:00,
2021-10-27 09:30:00,
2021-10-27 09:45:00,
2021-10-27 10:00:00,
2021-10-27 10:15:00,
2021-10-27 10:30:00,
2021-10-27 10:45:00,
2021-10-27 11:00:00,
2021-10-27 11:15:00,
2021-10-27 11:30:00,
2021-10-27 11:45:00,
2021-10-27 12:00:00,
2021-10-27 12:15:00,
2021-10-27 12:30:00,
2021-10-27 12:45:00,
2021-10-27 13:00:00,
2021-10-27 13:15:00,
2021-10-27 13:30:00,
2021-10-27 13:45:00,
2021-10-27 14:00:00,
2021-10-27 14:15:00,
2021-10-27 14:30:00,
2021-10-27 14:45:00,
2021-10-27 15:00:00,
2021-10-27 15:15:00,
2021-10-27 15:30:00,
2021-10-27 15:45:00,
2021-10-27 16:00:00,
2021-10-27 16:15:00,
2021-10-27 16:30:00,
2021-10-27 16:45:00,
2021-10-27 17:00:00,-12.65359674516129
2021-10-27 17:15:00,-12.671324155333338
2021-10-27 17:30:00,-12.738234577744445
2021-10-27 17:45:00,14.887625124788888
2021-10-27 18:00:00,609.4486076831142
2021-10-27 18:15:00,3466.2253961722217
2021-10-27 18:30:00,2450.5345160317343
2021-10-27 18:45:00,-12.686304310100002
2021-10-27 19:00:00,158.6818403138425
2021-10-27 19:15:00,235.7889178216631
2021-10-27 19:30:00,87.96432004445609
2021-10-27 19:45:00,
2021-10-27 20:00:00,
2021-10-27 20:15:00,
2021-10-27 20:30:00,
2021-10-27 20:45:00,
2021-10-27 21:00:00,
2021-10-27 21:15:00,
2021-10-27 21:30:00,
2021-10-27 21:45:00,
2021-10-27 22:00:00,
2021-10-27 22:15:00,
2021-10-27 22:30:00,
2021-10-27 22:45:00,
2021-10-27 23:00:00,
2021-10-27 23:15:00,
2021-10-27 23:30:00,
2021-10-27 23:45:00,
2021-10-28 00:00:00,
2021-10-28 00:15:00,
2021-10-28 00:30:00,
2021-10-28 00:45:00,
2021-10-28 01:00:00,
2021-10-28 01:15:00,
2021-10-28 01:30:00,
2021-10-28 01:45:00,
2021-10-28 02:00:00,
2021-10-28 02:15:00,
2021-10-28 02:30:00,
2021-10-28 02:45:00,
2021-10-28 03:00:00,
2021-10-28 03:15:00,
2021-10-28 03:30:00,
2021-10-28 03:45:00,
2021-10-28 04:00:00,
2021-10-28 04:15:00,
2021-10-28 04:30:00,
2021-10-28 04:45:00,
2021-10-28 05:00:00,
2021-10-28 05:15:00,
2021-10-28 05:30:00,
2021-10-28 05:45:00,
2021-10-28 06:00:00,
2021-10-28 06:15:00,
2021-10-28 06:30:00,
2021-10-28 06:45:00,
2021-10-28 07:00:00,
2021-10-28 07:15:00,
2021-10-28 07:30:00,
2021-10-28 07:45:00,
2021-10-28 08:00:00,
2021-10-28 08:15:00,
2021-10-28 08:30:00,
2021-10-28 08:45:00,
2021-10-28 09:00:00,
2021-10-28 09:15:00,
2021-10-28 09:30:00,
2021-10-28 09:45:00,
2021-10-28 10:00:00,
2021-10-28 10:15:00,
2021-10-28 10:30:00,
2021-10-28 10:45:00,
2021-10-28 11:00:00,
2021-10-28 11:15:00,
2021-10-28 11:30:00,
2021-10-28 11:45:00,
2021-10-28 12:00:00,
2021-10-28 12:15:00,
2021-10-28 12:30:00,
2021-10-28 12:45:00,
2021-10-28 13:00:00,
2021-10-28 13:15:00,
2021-10-28 13:30:00,
2021-10-28 13:45:00,
2021-10-28 14:00:00,
2021-10-28 14:15:00,
2021-10-28 14:30:00,
2021-10-28 14:45:00,
2021-10-28 15:00:00,
2021-10-28 15:15:00,
2021-10-28 15:30:00,
2021-10-28 15:45:00,
2021-10-28 16:00:00,
2021-10-28 16:15:00,
2021-10-28 16:30:00,
2021-10-28 16:45:00,
2021-10-28 17:00:00,89.61445006999972
2021-10-28 17:15:00,56.00120435890611
2021-10-28 17:30:00,-12.538084791666655
2021-10-28 17:45:00,-12.613735475500015
2021-10-28 18:00:00,1905.3412782508892
2021-10-28 18:15:00,1169.5366773197482
2021-10-28 18:30:00,
2021-10-28 18:45:00,
2021-10-28 19:00:00,
2021-10-28 19:15:00,
2021-10-28 19:30:00,
2021-10-28 19:45:00,
2021-10-28 20:00:00,
2021-10-28 20:15:00,
2021-10-28 20:30:00,
2021-10-28 20:45:00,
2021-10-28 21:00:00,
2021-10-28 21:15:00,
2021-10-28 21:30:00,
2021-10-28 21:45:00,
2021-10-28 22:00:00,
2021-10-28 22:15:00,
2021-10-28 22:30:00,
2021-10-28 22:45:00,
2021-10-28 23:00:00,
2021-10-28 23:15:00,
2021-10-28 23:30:00,
2021-10-28 23:45:00,
2021-10-29 00:00:00,
2021-10-29 00:15:00,
2021-10-29 00:30:00,
2021-10-29 00:45:00,
2021-10-29 01:00:00,
2021-10-29 01:15:00,
2021-10-29 01:30:00,
2021-10-29 01:45:00,
2021-10-29 02:00:00,
2021-10-29 02:15:00,
2021-10-29 02:30:00,
2021-10-29 02:45:00,
2021-10-29 03:00:00,
2021-10-29 03:15:00,
2021-10-29 03:30:00,
2021-10-29 03:45:00,
2021-10-29 04:00:00,
2021-10-29 04:15:00,
2021-10-29 04:30:00,
2021-10-29 04:45:00,
2021-10-29 05:00:00,
2021-10-29 05:15:00,
2021-10-29 05:30:00,
2021-10-29 05:45:00,
2021-10-29 06:00:00,
2021-10-29 06:15:00,
2021-10-29 06:30:00,
2021-10-29 06:45:00,
2021-10-29 07:00:00,
2021-10-29 07:15:00,
2021-10-29 07:30:00,
2021-10-29 07:45:00,
2021-10-29 08:00:00,
2021-10-29 08:15:00,
2021-10-29 08:30:00,
2021-10-29 08:45:00,
2021-10-29 09:00:00,
2021-10-29 09:15:00,
2021-10-29 09:30:00,
2021-10-29 09:45:00,
2021-10-29 10:00:00,
2021-10-29 10:15:00,
2021-10-29 10:30:00,
2021-10-29 10:45:00,
2021-10-29 11:00:00,
2021-10-29 11:15:00,
2021-10-29 11:30:00,
2021-10-29 11:45:00,
2021-10-29 12:00:00,
2021-10-29 12:15:00,
2021-10-29 12:30:00,
2021-10-29 12:45:00,
2021-10-29 13:00:00,
2021-10-29 13:15:00,
2021-10-29 13:30:00,
2021-10-29 13:45:00,
2021-10-29 14:00:00,
2021-10-29 14:15:00,
2021-10-29 14:30:00,
2021-10-29 14:45:00,
2021-10-29 15:00:00,
2021-10-29 15:15:00,
2021-10-29 15:30:00,
2021-10-29 15:45:00,
2021-10-29 16:00:00,
2021-10-29 16:15:00,
2021-10-29 16:30:00,
2021-10-29 16:45:00,
2021-10-29 17:00:00,
2021-10-29 17:15:00,
2021-10-29 17:30:00,-6.573293640338988
2021-10-29 17:45:00,-4.759672997083337
2021-10-29 18:00:00,1709.2937466571143
2021-10-29 18:15:00,4879.034553724445
2021-10-29 18:30:00,118.08476261727546
2021-10-29 18:45:00,-4.838192989336664
2021-10-29 19:00:00,-4.813008844733336
2021-10-29 19:15:00,-4.846538244888893
2021-10-29 19:30:00,-4.870988000454737
2021-10-29 19:45:00,
2021-10-29 20:00:00,
2021-10-29 20:15:00,
2021-10-29 20:30:00,
2021-10-29 20:45:00,
2021-10-29 21:00:00,
2021-10-29 21:15:00,
2021-10-29 21:30:00,
2021-10-29 21:45:00,
2021-10-29 22:00:00,
2021-10-29 22:15:00,
2021-10-29 22:30:00,
2021-10-29 22:45:00,
2021-10-29 23:00:00,
2021-10-29 23:15:00,
2021-10-29 23:30:00,
2021-10-29 23:45:00,
2021-10-30 00:00:00,
2021-10-30 00:15:00,
2021-10-30 00:30:00,
2021-10-30 00:45:00,
2021-10-30 01:00:00,
2021-10-30 01:15:00,
2021-10-30 01:30:00,
2021-10-30 01:45:00,
2021-10-30 02:00:00,
2021-10-30 02:15:00,
2021-10-30 02:30:00,
2021-10-30 02:45:00,
2021-10-30 03:00:00,
2021-10-30 03:15:00,
2021-10-30 03:30:00,
2021-10-30 03:45:00,
2021-10-30 04:00:00,
2021-10-30 04:15:00,
2021-10-30 04:30:00,
2021-10-30 04:45:00,
2021-10-30 05:00:00,
2021-10-30 05:15:00,
2021-10-30 05:30:00,
2021-10-30 05:45:00,
2021-10-30 06:00:00,
2021-10-30 06:15:00,
2021-10-30 06:30:00,
2021-10-30 06:45:00,
2021-10-30 07:00:00,
2021-10-30 07:15:00,
2021-10-30 07:30:00,
2021-10-30 07:45:00,
2021-10-30 08:00:00,
2021-10-30 08:15:00,
2021-10-30 08:30:00,
2021-10-30 08:45:00,
2021-10-30 09:00:00,
2021-10-30 09:15:00,
2021-10-30 09:30:00,
2021-10-30 09:45:00,
2021-10-30 10:00:00,
2021-10-30 10:15:00,
2021-10-30 10:30:00,
2021-10-30 10:45:00,
2021-10-30 11:00:00,
2021-10-30 11:15:00,
2021-10-30 11:30:00,
2021-10-30 11:45:00,
2021-10-30 12:00:00,
2021-10-30 12:15:00,
2021-10-30 12:30:00,
2021-10-30 12:45:00,
2021-10-30 13:00:00,
2021-10-30 13:15:00,
2021-10-30 13:30:00,
2021-10-30 13:45:00,
2021-10-30 14:00:00,
2021-10-30 14:15:00,
2021-10-30 14:30:00,
2021-10-30 14:45:00,
2021-10-30 15:00:00,
2021-10-30 15:15:00,
2021-10-30 15:30:00,
2021-10-30 15:45:00,
2021-10-30 16:00:00,
2021-10-30 16:15:00,
2021-10-30 16:30:00,
2021-10-30 16:45:00,
2021-10-30 17:00:00,
2021-10-30 17:15:00,
2021-10-30 17:30:00,
2021-10-30 17:45:00,
2021-10-30 18:00:00,
2021-10-30 18:15:00,
2021-10-30 18:30:00,
2021-10-30 18:45:00,
2021-10-30 19:00:00,
2021-10-30 19:15:00,
2021-10-30 19:30:00,
2021-10-30 19:45:00,
2021-10-30 20:00:00,
2021-10-30 20:15:00,
2021-10-30 20:30:00,
2021-10-30 20:45:00,
2021-10-30 21:00:00,
2021-10-30 21:15:00,
2021-10-30 21:30:00,
2021-10-30 21:45:00,
2021-10-30 22:00:00,
2021-10-30 22:15:00,
2021-10-30 22:30:00,
2021-10-30 22:45:00,
2021-10-30 23:00:00,
2021-10-30 23:15:00,
2021-10-30 23:30:00,
2021-10-30 23:45:00,
2021-10-31 00:00:00,
2021-10-31 00:15:00,
2021-10-31 00:30:00,
2021-10-31 00:45:00,
2021-10-31 01:00:00,
2021-10-31 01:15:00,
2021-10-31 01:30:00,
2021-10-31 01:45:00,
2021-10-31 02:00:00,
2021-10-31 02:15:00,
2021-10-31 02:30:00,
2021-10-31 02:45:00,
2021-10-31 03:00:00,
2021-10-31 03:15:00,
2021-10-31 03:30:00,
2021-10-31 03:45:00,
2021-10-31 04:00:00,
2021-10-31 04:15:00,
2021-10-31 04:30:00,
2021-10-31 04:45:00,
2021-10-31 05:00:00,
2021-10-31 05:15:00,
2021-10-31 05:30:00,
2021-10-31 05:45:00,
2021-10-31 06:00:00,
2021-10-31 06:15:00,
2021-10-31 06:30:00,
2021-10-31 06:45:00,
2021-10-31 07:00:00,
2021-10-31 07:15:00,
2021-10-31 07:30:00,
2021-10-31 07:45:00,
2021-10-31 08:00:00,
2021-10-31 08:15:00,
2021-10-31 08:30:00,
2021-10-31 08:45:00,
2021-10-31 09:00:00,
2021-10-31 09:15:00,
2021-10-31 09:30:00,
2021-10-31 09:45:00,
2021-10-31 10:00:00,
2021-10-31 10:15:00,
2021-10-31 10:30:00,
2021-10-31 10:45:00,
2021-10-31 11:00:00,
2021-10-31 11:15:00,
2021-10-31 11:30:00,
2021-10-31 11:45:00,
2021-10-31 12:00:00,
2021-10-31 12:15:00,
2021-10-31 12:30:00,
2021-10-31 12:45:00,
2021-10-31 13:00:00,
2021-10-31 13:15:00,
2021-10-31 13:30:00,
2021-10-31 13:45:00,
2021-10-31 14:00:00,
2021-10-31 14:15:00,
2021-10-31 14:30:00,
2021-10-31 14:45:00,
2021-10-31 15:00:00,
2021-10-31 15:15:00,
2021-10-31 15:30:00,
2021-10-31 15:45:00,
2021-10-31 16:00:00,
2021-10-31 16:15:00,
2021-10-31 16:30:00,
2021-10-31 16:45:00,
2021-10-31 17:00:00,
2021-10-31 17:15:00,
2021-10-31 17:30:00,
2021-10-31 17:45:00,
2021-10-31 18:00:00,
2021-10-31 18:15:00,
2021-10-31 18:30:00,
2021-10-31 18:45:00,
2021-10-31 19:00:00,
2021-10-31 19:15:00,
2021-10-31 19:30:00,
2021-10-31 19:45:00,
2021-10-31 20:00:00,
2021-10-31 20:15:00,
2021-10-31 20:30:00,
2021-10-31 20:45:00,
2021-10-31 21:00:00,
2021-10-31 21:15:00,
2021-10-31 21:30:00,
2021-10-31 21:45:00,
2021-10-31 22:00:00,
2021-10-31 22:15:00,
2021-10-31 22:30:00,
2021-10-31 22:45:00,
2021-10-31 23:00:00,
2021-10-31 23:15:00,
2021-10-31 23:30:00,
2021-10-31 23:45:00,
2021-11-01 00:00:00,
2021-11-01 00:15:00,
2021-11-01 00:30:00,
2021-11-01 00:45:00,
2021-11-01 01:00:00,
2021-11-01 01:15:00,
2021-11-01 01:30:00,
2021-11-01 01:45:00,
2021-11-01 02:00:00,
2021-11-01 02:15:00,
2021-11-01 02:30:00,
2021-11-01 02:45:00,
2021-11-01 03:00:00,
2021-11-01 03:15:00,
2021-11-01 03:30:00,
2021-11-01 03:45:00,
2021-11-01 04:00:00,
2021-11-01 04:15:00,
2021-11-01 04:30:00,
2021-11-01 04:45:00,
2021-11-01 05:00:00,
2021-11-01 05:15:00,
2021-11-01 05:30:00,
2021-11-01 05:45:00,
2021-11-01 06:00:00,
2021-11-01 06:15:00,
2021-11-01 06:30:00,
2021-11-01 06:45:00,
2021-11-01 07:00:00,
2021-11-01 07:15:00,
2021-11-01 07:30:00,
2021-11-01 07:45:00,
2021-11-01 08:00:00,
2021-11-01 08:15:00,
2021-11-01 08:30:00,
2021-11-01 08:45:00,
2021-11-01 09:00:00,
2021-11-01 09:15:00,
2021-11-01 09:30:00,
2021-11-01 09:45:00,
2021-11-01 10:00:00,
2021-11-01 10:15:00,
2021-11-01 10:30:00,
2021-11-01 10:45:00,
2021-11-01 11:00:00,
2021-11-01 11:15:00,
2021-11-01 11:30:00,
2021-11-01 11:45:00,
2021-11-01 12:00:00,
2021-11-01 12:15:00,
2021-11-01 12:30:00,
2021-11-01 12:45:00,
2021-11-01 13:00:00,
2021-11-01 13:15:00,
2021-11-01 13:30:00,
2021-11-01 13:45:00,
2021-11-01 14:00:00,
2021-11-01 14:15:00,
2021-11-01 14:30:00,
2021-11-01 14:45:00,
2021-11-01 15:00:00,
2021-11-01 15:15:00,
2021-11-01 15:30:00,
2021-11-01 15:45:00,
2021-11-01 16:00:00,
2021-11-01 16:15:00,
2021-11-01 16:30:00,
2021-11-01 16:45:00,
2021-11-01 17:00:00,
2021-11-01 17:15:00,
2021-11-01 17:30:00,
2021-11-01 17:45:00,
2021-11-01 18:00:00,
2021-11-01 18:15:00,
2021-11-01 18:30:00,
2021-11-01 18:45:00,
2021-11-01 19:00:00,
2021-11-01 19:15:00,
2021-11-01 19:30:00,
2021-11-01 19:45:00,
2021-11-01 20:00:00,
2021-11-01 20:15:00,
2021-11-01 20:30:00,
2021-11-01 20:45:00,
2021-11-01 21:00:00,
2021-11-01 21:15:00,
2021-11-01 21:30:00,
2021-11-01 21:45:00,
2021-11-01 22:00:00,
2021-11-01 22:15:00,
2021-11-01 22:30:00,
2021-11-01 22:45:00,
2021-11-01 23:00:00,
2021-11-01 23:15:00,
2021-11-01 23:30:00,
2021-11-01 23:45:00,
2021-11-02 00:00:00,
2021-11-02 00:15:00,
2021-11-02 00:30:00,
2021-11-02 00:45:00,
2021-11-02 01:00:00,
2021-11-02 01:15:00,
2021-11-02 01:30:00,
2021-11-02 01:45:00,
2021-11-02 02:00:00,
2021-11-02 02:15:00,
2021-11-02 02:30:00,
2021-11-02 02:45:00,
2021-11-02 03:00:00,
2021-11-02 03:15:00,
2021-11-02 03:30:00,
2021-11-02 03:45:00,
2021-11-02 04:00:00,
2021-11-02 04:15:00,
2021-11-02 04:30:00,
2021-11-02 04:45:00,
2021-11-02 05:00:00,
2021-11-02 05:15:00,
2021-11-02 05:30:00,
2021-11-02 05:45:00,
2021-11-02 06:00:00,
2021-11-02 06:15:00,
2021-11-02 06:30:00,
2021-11-02 06:45:00,
2021-11-02 07:00:00,
2021-11-02 07:15:00,
2021-11-02 07:30:00,
2021-11-02 07:45:00,
2021-11-02 08:00:00,
2021-11-02 08:15:00,
2021-11-02 08:30:00,
2021-11-02 08:45:00,
2021-11-02 09:00:00,
2021-11-02 09:15:00,
2021-11-02 09:30:00,
2021-11-02 09:45:00,
2021-11-02 10:00:00,
2021-11-02 10:15:00,
2021-11-02 10:30:00,
2021-11-02 10:45:00,
2021-11-02 11:00:00,
2021-11-02 11:15:00,
2021-11-02 11:30:00,
2021-11-02 11:45:00,
2021-11-02 12:00:00,
2021-11-02 12:15:00,
2021-11-02 12:30:00,
2021-11-02 12:45:00,
2021-11-02 13:00:00,
2021-11-02 13:15:00,
2021-11-02 13:30:00,
2021-11-02 13:45:00,
2021-11-02 14:00:00,
2021-11-02 14:15:00,
2021-11-02 14:30:00,
2021-11-02 14:45:00,
2021-11-02 15:00:00,
2021-11-02 15:15:00,
2021-11-02 15:30:00,
2021-11-02 15:45:00,
2021-11-02 16:00:00,
2021-11-02 16:15:00,
2021-11-02 16:30:00,
2021-11-02 16:45:00,
2021-11-02 17:00:00,
2021-11-02 17:15:00,
2021-11-02 17:30:00,
2021-11-02 17:45:00,
2021-11-02 18:00:00,188.74692189161738
2021-11-02 18:15:00,1033.9868423797782
2021-11-02 18:30:00,398.2324773189225
2021-11-02 18:45:00,0.0
2021-11-02 19:00:00,
2021-11-02 19:15:00,
2021-11-02 19:30:00,
2021-11-02 19:45:00,
2021-11-02 20:00:00,
2021-11-02 20:15:00,
2021-11-02 20:30:00,
2021-11-02 20:45:00,
2021-11-02 21:00:00,
2021-11-02 21:15:00,
2021-11-02 21:30:00,
2021-11-02 21:45:00,
2021-11-02 22:00:00,
2021-11-02 22:15:00,
2021-11-02 22:30:00,
2021-11-02 22:45:00,
2021-11-02 23:00:00,
2021-11-02 23:15:00,
2021-11-02 23:30:00,
2021-11-02 23:45:00,
2021-11-03 00:00:00,
2021-11-03 00:15:00,
2021-11-03 00:30:00,
2021-11-03 00:45:00,
2021-11-03 01:00:00,
2021-11-03 01:15:00,
2021-11-03 01:30:00,
2021-11-03 01:45:00,
2021-11-03 02:00:00,
2021-11-03 02:15:00,
2021-11-03 02:30:00,
2021-11-03 02:45:00,
2021-11-03 03:00:00,
2021-11-03 03:15:00,
2021-11-03 03:30:00,
2021-11-03 03:45:00,
2021-11-03 04:00:00,
2021-11-03 04:15:00,
2021-11-03 04:30:00,
2021-11-03 04:45:00,
2021-11-03 05:00:00,
2021-11-03 05:15:00,
2021-11-03 05:30:00,
2021-11-03 05:45:00,
2021-11-03 06:00:00,
2021-11-03 06:15:00,
2021-11-03 06:30:00,
2021-11-03 06:45:00,
2021-11-03 07:00:00,
2021-11-03 07:15:00,
2021-11-03 07:30:00,
2021-11-03 07:45:00,
2021-11-03 08:00:00,
2021-11-03 08:15:00,
2021-11-03 08:30:00,
2021-11-03 08:45:00,
2021-11-03 09:00:00,
2021-11-03 09:15:00,
2021-11-03 09:30:00,
2021-11-03 09:45:00,
2021-11-03 10:00:00,
2021-11-03 10:15:00,
2021-11-03 10:30:00,
2021-11-03 10:45:00,
2021-11-03 11:00:00,
2021-11-03 11:15:00,
2021-11-03 11:30:00,
2021-11-03 11:45:00,
2021-11-03 12:00:00,
2021-11-03 12:15:00,
2021-11-03 12:30:00,
2021-11-03 12:45:00,
2021-11-03 13:00:00,
2021-11-03 13:15:00,
2021-11-03 13:30:00,
2021-11-03 13:45:00,
2021-11-03 14:00:00,
2021-11-03 14:15:00,
2021-11-03 14:30:00,
2021-11-03 14:45:00,
2021-11-03 15:00:00,
2021-11-03 15:15:00,
2021-11-03 15:30:00,
2021-11-03 15:45:00,
2021-11-03 16:00:00,
2021-11-03 16:15:00,-0.0009388778310810812
2021-11-03 16:30:00,0.0
2021-11-03 16:45:00,0.0
2021-11-03 17:00:00,56.6561404992
2021-11-03 17:15:00,109.75270066405561
2021-11-03 17:30:00,121.41976695176236
2021-11-03 17:45:00,201.92940686344448
2021-11-03 18:00:00,464.46396645388876
2021-11-03 18:15:00,1393.3980129333331
2021-11-03 18:30:00,470.5635963477883
2021-11-03 18:45:00,390.5759078614445
2021-11-03 19:00:00,497.49683593311136
2021-11-03 19:15:00,382.560909474889
2021-11-03 19:30:00,316.1872241637779
2021-11-03 19:45:00,558.5262272015557
2021-11-03 20:00:00,698.1809610367777
2021-11-03 20:15:00,560.8576273345559
2021-11-03 20:30:00,167.91296219377782
2021-11-03 20:45:00,170.60777193733347
2021-11-03 21:00:00,415.5736176026661
2021-11-03 21:15:00,412.93652286355547
2021-11-03 21:30:00,303.5794371740592
2021-11-03 21:45:00,
2021-11-03 22:00:00,
2021-11-03 22:15:00,
2021-11-03 22:30:00,
2021-11-03 22:45:00,
2021-11-03 23:00:00,
2021-11-03 23:15:00,
2021-11-03 23:30:00,
2021-11-03 23:45:00,
2021-11-04 00:00:00,
2021-11-04 00:15:00,
2021-11-04 00:30:00,
2021-11-04 00:45:00,
2021-11-04 01:00:00,
2021-11-04 01:15:00,
2021-11-04 01:30:00,
2021-11-04 01:45:00,
2021-11-04 02:00:00,
2021-11-04 02:15:00,
2021-11-04 02:30:00,
2021-11-04 02:45:00,
2021-11-04 03:00:00,
2021-11-04 03:15:00,
2021-11-04 03:30:00,
2021-11-04 03:45:00,
2021-11-04 04:00:00,
2021-11-04 04:15:00,
2021-11-04 04:30:00,
2021-11-04 04:45:00,
2021-11-04 05:00:00,
2021-11-04 05:15:00,
2021-11-04 05:30:00,
2021-11-04 05:45:00,
2021-11-04 06:00:00,
2021-11-04 06:15:00,
2021-11-04 06:30:00,
2021-11-04 06:45:00,
2021-11-04 07:00:00,
2021-11-04 07:15:00,
2021-11-04 07:30:00,
2021-11-04 07:45:00,
2021-11-04 08:00:00,
2021-11-04 08:15:00,
2021-11-04 08:30:00,
2021-11-04 08:45:00,
2021-11-04 09:00:00,
2021-11-04 09:15:00,
2021-11-04 09:30:00,
2021-11-04 09:45:00,
2021-11-04 10:00:00,
2021-11-04 10:15:00,
2021-11-04 10:30:00,
2021-11-04 10:45:00,
2021-11-04 11:00:00,
2021-11-04 11:15:00,
2021-11-04 11:30:00,
2021-11-04 11:45:00,
2021-11-04 12:00:00,
2021-11-04 12:15:00,
2021-11-04 12:30:00,
2021-11-04 12:45:00,
2021-11-04 13:00:00,
2021-11-04 13:15:00,
2021-11-04 13:30:00,
2021-11-04 13:45:00,
2021-11-04 14:00:00,
2021-11-04 14:15:00,
2021-11-04 14:30:00,
2021-11-04 14:45:00,
2021-11-04 15:00:00,
2021-11-04 15:15:00,
2021-11-04 15:30:00,
2021-11-04 15:45:00,
2021-11-04 16:00:00,
2021-11-04 16:15:00,
2021-11-04 16:30:00,-0.012700058943573667
2021-11-04 16:45:00,349.53207426791795
2021-11-04 17:00:00,557.9208192163326
2021-11-04 17:15:00,1083.8387383088882
2021-11-04 17:30:00,697.2490554525556
2021-11-04 17:45:00,413.55586835244475
2021-11-04 18:00:00,171.3798263765556
2021-11-04 18:15:00,250.61786749666692
2021-11-04 18:30:00,440.80873403033365
2021-11-04 18:45:00,606.202864700222
2021-11-04 19:00:00,349.4758270052219
2021-11-04 19:15:00,295.7203059858102
2021-11-04 19:30:00,4.11984037147334
2021-11-04 19:45:00,3.5734045018533678
2021-11-04 20:00:00,12.911747691611048
2021-11-04 20:15:00,243.5511142920354
2021-11-04 20:30:00,1091.471033922445
2021-11-04 20:45:00,868.9137373756149
2021-11-04 21:00:00,0.0
2021-11-04 21:15:00,0.0
2021-11-04 21:30:00,0.0
